item_type,item_text,rank,matched_testcase_id,similarity_score,matched_testcase_text
concept,user,1,TC-User-018,0.7919104099273682,test case id: tc-user-018 title: empty category list module: category source pages: 1 preconditions: no categories exist. test data: test steps: 1. user calls `viewallcategories()` method. expected result: an empty
concept,user,2,TC-User-010,0.7913920879364014,test case id: tc-user-010 title: view category module: category source pages: 1 preconditions: category exists. test data: test steps: 1. user calls `viewcategory()` method. expected result: category details are displayed.
concept,user,3,TC-User-011,0.7891219854354858,test case id: tc-user-011 title: view user profile module: user source pages: 5 preconditions: user is logged in. test data: test steps: 1. user calls `viewuserprofile()` method. expected result: user profile details are displayed.
concept,user,4,TC-User-017,0.7680925130844116,test case id: tc-user-017 title: view all categories module: category source pages: 1 preconditions: multiple categories exist. test data: test steps: 1. user calls `viewallcategories()` method. expected result: list of all categories is displayed.
concept,user,5,TC-User-009,0.7573685646057129,test case id: tc-user-009 title: view place to visit module: placetovisit source pages: 1 preconditions: place to visit exists. test data: test steps: 1. user calls `viewplacetovisit()` method. expected result: place to visit details are displayed.
concept,user,6,TC-User-008,0.7503141164779663,test case id: tc-user-008 title: view weather forecast module: weather source pages: 1 preconditions: daily plan exists. test data: test steps: 1. user calls `viewweatherforecast()` method. expected result: weather forecast details are displayed.
concept,user,7,TC-User-015,0.7499349117279053,test case id: tc-user-015 title: view all places to visit module: placetovisit source pages: 1 preconditions: multiple places to visit exist. test data: test steps: 1. user calls `viewallplacestovisit()` method. expected result: list of all places to visit is displayed.
concept,user,8,TC-User-013,0.7473843097686768,test case id: tc-user-013 title: view all trips module: trip source pages: 4 preconditions: multiple trips exist. test data: test steps: 1. user calls `viewalltrips()` method. expected result: list of all trips is displayed.
concept,user,9,TC-User-012,0.7413365244865417,test case id: tc-user-012 title: empty profile module: user source pages: 5 preconditions: user is logged in but no profile data exists. test data: test steps: 1. user calls `viewuserprofile()` method. expected result: an empty profile is displayed.
concept,user,10,TC-User-007,0.7405974268913269,test case id: tc-user-007 title: view daily plan module: dailyplan source pages: 4 preconditions: daily plan exists. test data: test steps: 1. user calls `viewdailyplan()` method. expected result: daily plan details are displayed.
concept,user,11,TC-User-016,0.7333035469055176,test case id: tc-user-016 title: empty place to visit list module: placetovisit source pages: 1 preconditions: no places to visit exist. test data: test steps: 1. user calls `viewallplacestovisit()` method. expected result: an empty list is displayed.
concept,user,12,TC-Trip-005,0.7298529148101807,test case id: tc-trip-005 title: list trips module: trip source pages: 4 preconditions: multiple trips exist. test data: test steps: 1. user calls `listtrips()` method. expected result: list of all trips is displayed.
concept,user,13,TC-User-014,0.7275751829147339,test case id: tc-user-014 title: empty trip list module: trip source pages: 4 preconditions: no trips exist. test data: test steps: 1. user calls `viewalltrips()` method. expected result: an empty list is displayed.
concept,user,14,TC-Trip-006,0.7042053937911987,test case id: tc-trip-006 title: empty trip list module: trip source pages: 4 preconditions: no trips exist. test data: test steps: 1. user calls `listtrips()` method. expected result: an empty list is displayed.
concept,kind,1,TC-User-018,0.7802565097808838,test case id: tc-user-018 title: empty category list module: category source pages: 1 preconditions: no categories exist. test data: test steps: 1. user calls `viewallcategories()` method. expected result: an empty
concept,kind,2,TC-User-010,0.772904098033905,test case id: tc-user-010 title: view category module: category source pages: 1 preconditions: category exists. test data: test steps: 1. user calls `viewcategory()` method. expected result: category details are displayed.
concept,kind,3,TC-User-017,0.7539355754852295,test case id: tc-user-017 title: view all categories module: category source pages: 1 preconditions: multiple categories exist. test data: test steps: 1. user calls `viewallcategories()` method. expected result: list of all categories is displayed.
concept,kind,4,TC-User-009,0.7324351072311401,test case id: tc-user-009 title: view place to visit module: placetovisit source pages: 1 preconditions: place to visit exists. test data: test steps: 1. user calls `viewplacetovisit()` method. expected result: place to visit details are displayed.
concept,kind,5,TC-User-008,0.728368878364563,test case id: tc-user-008 title: view weather forecast module: weather source pages: 1 preconditions: daily plan exists. test data: test steps: 1. user calls `viewweatherforecast()` method. expected result: weather forecast details are displayed.
concept,kind,6,TC-User-015,0.7268862724304199,test case id: tc-user-015 title: view all places to visit module: placetovisit source pages: 1 preconditions: multiple places to visit exist. test data: test steps: 1. user calls `viewallplacestovisit()` method. expected result: list of all places to visit is displayed.
concept,kind,7,TC-Trip-005,0.7223995923995972,test case id: tc-trip-005 title: list trips module: trip source pages: 4 preconditions: multiple trips exist. test data: test steps: 1. user calls `listtrips()` method. expected result: list of all trips is displayed.
concept,kind,8,TC-User-011,0.7174625396728516,test case id: tc-user-011 title: view user profile module: user source pages: 5 preconditions: user is logged in. test data: test steps: 1. user calls `viewuserprofile()` method. expected result: user profile details are displayed.
concept,kind,9,TC-User-016,0.7171924114227295,test case id: tc-user-016 title: empty place to visit list module: placetovisit source pages: 1 preconditions: no places to visit exist. test data: test steps: 1. user calls `viewallplacestovisit()` method. expected result: an empty list is displayed.
concept,kind,10,TC-User-013,0.7162693738937378,test case id: tc-user-013 title: view all trips module: trip source pages: 4 preconditions: multiple trips exist. test data: test steps: 1. user calls `viewalltrips()` method. expected result: list of all trips is displayed.
concept,kind,11,TC-User-007,0.7077946662902832,test case id: tc-user-007 title: view daily plan module: dailyplan source pages: 4 preconditions: daily plan exists. test data: test steps: 1. user calls `viewdailyplan()` method. expected result: daily plan details are displayed.
concept,kind,12,TC-User-014,0.7048366069793701,test case id: tc-user-014 title: empty trip list module: trip source pages: 4 preconditions: no trips exist. test data: test steps: 1. user calls `viewalltrips()` method. expected result: an empty list is displayed.
concept,kind,13,TC-Trip-006,0.6988786458969116,test case id: tc-trip-006 title: empty trip list module: trip source pages: 4 preconditions: no trips exist. test data: test steps: 1. user calls `listtrips()` method. expected result: an empty list is displayed.
concept,kind,14,TC-User-012,0.6803281307220459,test case id: tc-user-012 title: empty profile module: user source pages: 5 preconditions: user is logged in but no profile data exists. test data: test steps: 1. user calls `viewuserprofile()` method. expected result: an empty profile is displayed.
concept,attributes,1,TC-User-018,0.7540466785430908,test case id: tc-user-018 title: empty category list module: category source pages: 1 preconditions: no categories exist. test data: test steps: 1. user calls `viewallcategories()` method. expected result: an empty
concept,attributes,2,TC-User-010,0.7499866485595703,test case id: tc-user-010 title: view category module: category source pages: 1 preconditions: category exists. test data: test steps: 1. user calls `viewcategory()` method. expected result: category details are displayed.
concept,attributes,3,TC-User-017,0.7281292676925659,test case id: tc-user-017 title: view all categories module: category source pages: 1 preconditions: multiple categories exist. test data: test steps: 1. user calls `viewallcategories()` method. expected result: list of all categories is displayed.
concept,attributes,4,TC-User-009,0.7191810607910156,test case id: tc-user-009 title: view place to visit module: placetovisit source pages: 1 preconditions: place to visit exists. test data: test steps: 1. user calls `viewplacetovisit()` method. expected result: place to visit details are displayed.
concept,attributes,5,TC-User-011,0.7134056687355042,test case id: tc-user-011 title: view user profile module: user source pages: 5 preconditions: user is logged in. test data: test steps: 1. user calls `viewuserprofile()` method. expected result: user profile details are displayed.
concept,attributes,6,TC-User-015,0.7119699716567993,test case id: tc-user-015 title: view all places to visit module: placetovisit source pages: 1 preconditions: multiple places to visit exist. test data: test steps: 1. user calls `viewallplacestovisit()` method. expected result: list of all places to visit is displayed.
concept,attributes,7,TC-Trip-005,0.709633469581604,test case id: tc-trip-005 title: list trips module: trip source pages: 4 preconditions: multiple trips exist. test data: test steps: 1. user calls `listtrips()` method. expected result: list of all trips is displayed.
concept,attributes,8,TC-User-008,0.7071953415870667,test case id: tc-user-008 title: view weather forecast module: weather source pages: 1 preconditions: daily plan exists. test data: test steps: 1. user calls `viewweatherforecast()` method. expected result: weather forecast details are displayed.
concept,attributes,9,TC-User-007,0.7038911581039429,test case id: tc-user-007 title: view daily plan module: dailyplan source pages: 4 preconditions: daily plan exists. test data: test steps: 1. user calls `viewdailyplan()` method. expected result: daily plan details are displayed.
concept,attributes,10,TC-User-013,0.7024075984954834,test case id: tc-user-013 title: view all trips module: trip source pages: 4 preconditions: multiple trips exist. test data: test steps: 1. user calls `viewalltrips()` method. expected result: list of all trips is displayed.
concept,attributes,11,TC-User-016,0.6984084248542786,test case id: tc-user-016 title: empty place to visit list module: placetovisit source pages: 1 preconditions: no places to visit exist. test data: test steps: 1. user calls `viewallplacestovisit()` method. expected result: an empty list is displayed.
concept,attributes,12,TC-User-014,0.6887892484664917,test case id: tc-user-014 title: empty trip list module: trip source pages: 4 preconditions: no trips exist. test data: test steps: 1. user calls `viewalltrips()` method. expected result: an empty list is displayed.
concept,attributes,13,TC-Trip-006,0.6853141784667969,test case id: tc-trip-006 title: empty trip list module: trip source pages: 4 preconditions: no trips exist. test data: test steps: 1. user calls `listtrips()` method. expected result: an empty list is displayed.
concept,attributes,14,TC-User-012,0.6783674955368042,test case id: tc-user-012 title: empty profile module: user source pages: 5 preconditions: user is logged in but no profile data exists. test data: test steps: 1. user calls `viewuserprofile()` method. expected result: an empty profile is displayed.
concept,operations,1,TC-User-018,0.7640490531921387,test case id: tc-user-018 title: empty category list module: category source pages: 1 preconditions: no categories exist. test data: test steps: 1. user calls `viewallcategories()` method. expected result: an empty
concept,operations,2,TC-User-010,0.7592827081680298,test case id: tc-user-010 title: view category module: category source pages: 1 preconditions: category exists. test data: test steps: 1. user calls `viewcategory()` method. expected result: category details are displayed.
concept,operations,3,TC-User-017,0.7370699048042297,test case id: tc-user-017 title: view all categories module: category source pages: 1 preconditions: multiple categories exist. test data: test steps: 1. user calls `viewallcategories()` method. expected result: list of all categories is displayed.
concept,operations,4,TC-User-009,0.7298584580421448,test case id: tc-user-009 title: view place to visit module: placetovisit source pages: 1 preconditions: place to visit exists. test data: test steps: 1. user calls `viewplacetovisit()` method. expected result: place to visit details are displayed.
concept,operations,5,TC-User-015,0.7249056696891785,test case id: tc-user-015 title: view all places to visit module: placetovisit source pages: 1 preconditions: multiple places to visit exist. test data: test steps: 1. user calls `viewallplacestovisit()` method. expected result: list of all places to visit is displayed.
concept,operations,6,TC-Trip-005,0.7196673154830933,test case id: tc-trip-005 title: list trips module: trip source pages: 4 preconditions: multiple trips exist. test data: test steps: 1. user calls `listtrips()` method. expected result: list of all trips is displayed.
concept,operations,7,TC-User-016,0.7123936414718628,test case id: tc-user-016 title: empty place to visit list module: placetovisit source pages: 1 preconditions: no places to visit exist. test data: test steps: 1. user calls `viewallplacestovisit()` method. expected result: an empty list is displayed.
concept,operations,8,TC-User-013,0.7101298570632935,test case id: tc-user-013 title: view all trips module: trip source pages: 4 preconditions: multiple trips exist. test data: test steps: 1. user calls `viewalltrips()` method. expected result: list of all trips is displayed.
concept,operations,9,TC-User-011,0.708014965057373,test case id: tc-user-011 title: view user profile module: user source pages: 5 preconditions: user is logged in. test data: test steps: 1. user calls `viewuserprofile()` method. expected result: user profile details are displayed.
concept,operations,10,TC-User-008,0.7074363827705383,test case id: tc-user-008 title: view weather forecast module: weather source pages: 1 preconditions: daily plan exists. test data: test steps: 1. user calls `viewweatherforecast()` method. expected result: weather forecast details are displayed.
concept,operations,11,TC-User-007,0.6990375518798828,test case id: tc-user-007 title: view daily plan module: dailyplan source pages: 4 preconditions: daily plan exists. test data: test steps: 1. user calls `viewdailyplan()` method. expected result: daily plan details are displayed.
concept,operations,12,TC-User-014,0.6968032121658325,test case id: tc-user-014 title: empty trip list module: trip source pages: 4 preconditions: no trips exist. test data: test steps: 1. user calls `viewalltrips()` method. expected result: an empty list is displayed.
concept,operations,13,TC-Trip-006,0.6950258612632751,test case id: tc-trip-006 title: empty trip list module: trip source pages: 4 preconditions: no trips exist. test data: test steps: 1. user calls `listtrips()` method. expected result: an empty list is displayed.
concept,operations,14,TC-User-012,0.6698471903800964,test case id: tc-user-012 title: empty profile module: user source pages: 5 preconditions: user is logged in but no profile data exists. test data: test steps: 1. user calls `viewuserprofile()` method. expected result: an empty profile is displayed.
concept,role,1,TC-User-010,0.7798261642456055,test case id: tc-user-010 title: view category module: category source pages: 1 preconditions: category exists. test data: test steps: 1. user calls `viewcategory()` method. expected result: category details are displayed.
concept,role,2,TC-User-018,0.7792021632194519,test case id: tc-user-018 title: empty category list module: category source pages: 1 preconditions: no categories exist. test data: test steps: 1. user calls `viewallcategories()` method. expected result: an empty
concept,role,3,TC-User-017,0.755328357219696,test case id: tc-user-017 title: view all categories module: category source pages: 1 preconditions: multiple categories exist. test data: test steps: 1. user calls `viewallcategories()` method. expected result: list of all categories is displayed.
concept,role,4,TC-User-009,0.7494962811470032,test case id: tc-user-009 title: view place to visit module: placetovisit source pages: 1 preconditions: place to visit exists. test data: test steps: 1. user calls `viewplacetovisit()` method. expected result: place to visit details are displayed.
concept,role,5,TC-User-015,0.7383249998092651,test case id: tc-user-015 title: view all places to visit module: placetovisit source pages: 1 preconditions: multiple places to visit exist. test data: test steps: 1. user calls `viewallplacestovisit()` method. expected result: list of all places to visit is displayed.
concept,role,6,TC-Trip-005,0.7313339710235596,test case id: tc-trip-005 title: list trips module: trip source pages: 4 preconditions: multiple trips exist. test data: test steps: 1. user calls `listtrips()` method. expected result: list of all trips is displayed.
concept,role,7,TC-User-011,0.7304595708847046,test case id: tc-user-011 title: view user profile module: user source pages: 5 preconditions: user is logged in. test data: test steps: 1. user calls `viewuserprofile()` method. expected result: user profile details are displayed.
concept,role,8,TC-User-008,0.727773904800415,test case id: tc-user-008 title: view weather forecast module: weather source pages: 1 preconditions: daily plan exists. test data: test steps: 1. user calls `viewweatherforecast()` method. expected result: weather forecast details are displayed.
concept,role,9,TC-User-016,0.7268345355987549,test case id: tc-user-016 title: empty place to visit list module: placetovisit source pages: 1 preconditions: no places to visit exist. test data: test steps: 1. user calls `viewallplacestovisit()` method. expected result: an empty list is displayed.
concept,role,10,TC-User-013,0.7245239019393921,test case id: tc-user-013 title: view all trips module: trip source pages: 4 preconditions: multiple trips exist. test data: test steps: 1. user calls `viewalltrips()` method. expected result: list of all trips is displayed.
concept,role,11,TC-User-007,0.7216897010803223,test case id: tc-user-007 title: view daily plan module: dailyplan source pages: 4 preconditions: daily plan exists. test data: test steps: 1. user calls `viewdailyplan()` method. expected result: daily plan details are displayed.
concept,role,12,TC-User-014,0.7106477618217468,test case id: tc-user-014 title: empty trip list module: trip source pages: 4 preconditions: no trips exist. test data: test steps: 1. user calls `viewalltrips()` method. expected result: an empty list is displayed.
concept,role,13,TC-Trip-006,0.7061431407928467,test case id: tc-trip-006 title: empty trip list module: trip source pages: 4 preconditions: no trips exist. test data: test steps: 1. user calls `listtrips()` method. expected result: an empty list is displayed.
concept,role,14,TC-User-012,0.6961302757263184,test case id: tc-user-012 title: empty profile module: user source pages: 5 preconditions: user is logged in but no profile data exists. test data: test steps: 1. user calls `viewuserprofile()` method. expected result: an empty profile is displayed.
concept,trip,1,TC-Trip-005,0.7951703071594238,test case id: tc-trip-005 title: list trips module: trip source pages: 4 preconditions: multiple trips exist. test data: test steps: 1. user calls `listtrips()` method. expected result: list of all trips is displayed.
concept,trip,2,TC-User-013,0.7814928889274597,test case id: tc-user-013 title: view all trips module: trip source pages: 4 preconditions: multiple trips exist. test data: test steps: 1. user calls `viewalltrips()` method. expected result: list of all trips is displayed.
concept,trip,3,TC-Trip-006,0.7717578411102295,test case id: tc-trip-006 title: empty trip list module: trip source pages: 4 preconditions: no trips exist. test data: test steps: 1. user calls `listtrips()` method. expected result: an empty list is displayed.
concept,trip,4,TC-User-009,0.7689918279647827,test case id: tc-user-009 title: view place to visit module: placetovisit source pages: 1 preconditions: place to visit exists. test data: test steps: 1. user calls `viewplacetovisit()` method. expected result: place to visit details are displayed.
concept,trip,5,TC-User-014,0.7682169675827026,test case id: tc-user-014 title: empty trip list module: trip source pages: 4 preconditions: no trips exist. test data: test steps: 1. user calls `viewalltrips()` method. expected result: an empty list is displayed.
concept,trip,6,TC-User-015,0.7675014138221741,test case id: tc-user-015 title: view all places to visit module: placetovisit source pages: 1 preconditions: multiple places to visit exist. test data: test steps: 1. user calls `viewallplacestovisit()` method. expected result: list of all places to visit is displayed.
concept,trip,7,TC-User-018,0.7598838806152344,test case id: tc-user-018 title: empty category list module: category source pages: 1 preconditions: no categories exist. test data: test steps: 1. user calls `viewallcategories()` method. expected result: an empty
concept,trip,8,TC-User-010,0.7559002637863159,test case id: tc-user-010 title: view category module: category source pages: 1 preconditions: category exists. test data: test steps: 1. user calls `viewcategory()` method. expected result: category details are displayed.
concept,trip,9,TC-User-016,0.7502543926239014,test case id: tc-user-016 title: empty place to visit list module: placetovisit source pages: 1 preconditions: no places to visit exist. test data: test steps: 1. user calls `viewallplacestovisit()` method. expected result: an empty list is displayed.
concept,trip,10,TC-User-017,0.7376217842102051,test case id: tc-user-017 title: view all categories module: category source pages: 1 preconditions: multiple categories exist. test data: test steps: 1. user calls `viewallcategories()` method. expected result: list of all categories is displayed.
concept,trip,11,TC-User-007,0.7217838764190674,test case id: tc-user-007 title: view daily plan module: dailyplan source pages: 4 preconditions: daily plan exists. test data: test steps: 1. user calls `viewdailyplan()` method. expected result: daily plan details are displayed.
concept,trip,12,TC-User-008,0.7211823463439941,test case id: tc-user-008 title: view weather forecast module: weather source pages: 1 preconditions: daily plan exists. test data: test steps: 1. user calls `viewweatherforecast()` method. expected result: weather forecast details are displayed.
concept,trip,13,TC-User-011,0.7078205347061157,test case id: tc-user-011 title: view user profile module: user source pages: 5 preconditions: user is logged in. test data: test steps: 1. user calls `viewuserprofile()` method. expected result: user profile details are displayed.
concept,trip,14,TC-User-012,0.6690733432769775,test case id: tc-user-012 title: empty profile module: user source pages: 5 preconditions: user is logged in but no profile data exists. test data: test steps: 1. user calls `viewuserprofile()` method. expected result: an empty profile is displayed.
concept,placetovisit,1,TC-User-009,0.8187400102615356,test case id: tc-user-009 title: view place to visit module: placetovisit source pages: 1 preconditions: place to visit exists. test data: test steps: 1. user calls `viewplacetovisit()` method. expected result: place to visit details are displayed.
concept,placetovisit,2,TC-User-015,0.8101962804794312,test case id: tc-user-015 title: view all places to visit module: placetovisit source pages: 1 preconditions: multiple places to visit exist. test data: test steps: 1. user calls `viewallplacestovisit()` method. expected result: list of all places to visit is displayed.
concept,placetovisit,3,TC-User-016,0.7964603304862976,test case id: tc-user-016 title: empty place to visit list module: placetovisit source pages: 1 preconditions: no places to visit exist. test data: test steps: 1. user calls `viewallplacestovisit()` method. expected result: an empty list is displayed.
concept,placetovisit,4,TC-User-018,0.7210568189620972,test case id: tc-user-018 title: empty category list module: category source pages: 1 preconditions: no categories exist. test data: test steps: 1. user calls `viewallcategories()` method. expected result: an empty
concept,placetovisit,5,TC-User-010,0.7109426259994507,test case id: tc-user-010 title: view category module: category source pages: 1 preconditions: category exists. test data: test steps: 1. user calls `viewcategory()` method. expected result: category details are displayed.
concept,placetovisit,6,TC-Trip-005,0.6961498260498047,test case id: tc-trip-005 title: list trips module: trip source pages: 4 preconditions: multiple trips exist. test data: test steps: 1. user calls `listtrips()` method. expected result: list of all trips is displayed.
concept,placetovisit,7,TC-User-017,0.6937524080276489,test case id: tc-user-017 title: view all categories module: category source pages: 1 preconditions: multiple categories exist. test data: test steps: 1. user calls `viewallcategories()` method. expected result: list of all categories is displayed.
concept,placetovisit,8,TC-User-013,0.6879614591598511,test case id: tc-user-013 title: view all trips module: trip source pages: 4 preconditions: multiple trips exist. test data: test steps: 1. user calls `viewalltrips()` method. expected result: list of all trips is displayed.
concept,placetovisit,9,TC-User-014,0.6801575422286987,test case id: tc-user-014 title: empty trip list module: trip source pages: 4 preconditions: no trips exist. test data: test steps: 1. user calls `viewalltrips()` method. expected result: an empty list is displayed.
concept,placetovisit,10,TC-Trip-006,0.67584228515625,test case id: tc-trip-006 title: empty trip list module: trip source pages: 4 preconditions: no trips exist. test data: test steps: 1. user calls `listtrips()` method. expected result: an empty list is displayed.
concept,placetovisit,11,TC-User-011,0.6718345880508423,test case id: tc-user-011 title: view user profile module: user source pages: 5 preconditions: user is logged in. test data: test steps: 1. user calls `viewuserprofile()` method. expected result: user profile details are displayed.
concept,placetovisit,12,TC-User-007,0.6672093272209167,test case id: tc-user-007 title: view daily plan module: dailyplan source pages: 4 preconditions: daily plan exists. test data: test steps: 1. user calls `viewdailyplan()` method. expected result: daily plan details are displayed.
concept,placetovisit,13,TC-User-008,0.6649973392486572,test case id: tc-user-008 title: view weather forecast module: weather source pages: 1 preconditions: daily plan exists. test data: test steps: 1. user calls `viewweatherforecast()` method. expected result: weather forecast details are displayed.
concept,placetovisit,14,TC-User-012,0.6347656846046448,test case id: tc-user-012 title: empty profile module: user source pages: 5 preconditions: user is logged in but no profile data exists. test data: test steps: 1. user calls `viewuserprofile()` method. expected result: an empty profile is displayed.
concept,category,1,TC-User-018,0.8360912203788757,test case id: tc-user-018 title: empty category list module: category source pages: 1 preconditions: no categories exist. test data: test steps: 1. user calls `viewallcategories()` method. expected result: an empty
concept,category,2,TC-User-010,0.8307749629020691,test case id: tc-user-010 title: view category module: category source pages: 1 preconditions: category exists. test data: test steps: 1. user calls `viewcategory()` method. expected result: category details are displayed.
concept,category,3,TC-User-017,0.8152134418487549,test case id: tc-user-017 title: view all categories module: category source pages: 1 preconditions: multiple categories exist. test data: test steps: 1. user calls `viewallcategories()` method. expected result: list of all categories is displayed.
concept,category,4,TC-Trip-005,0.7274183034896851,test case id: tc-trip-005 title: list trips module: trip source pages: 4 preconditions: multiple trips exist. test data: test steps: 1. user calls `listtrips()` method. expected result: list of all trips is displayed.
concept,category,5,TC-User-009,0.7237156629562378,test case id: tc-user-009 title: view place to visit module: placetovisit source pages: 1 preconditions: place to visit exists. test data: test steps: 1. user calls `viewplacetovisit()` method. expected result: place to visit details are displayed.
concept,category,6,TC-User-015,0.7219825983047485,test case id: tc-user-015 title: view all places to visit module: placetovisit source pages: 1 preconditions: multiple places to visit exist. test data: test steps: 1. user calls `viewallplacestovisit()` method. expected result: list of all places to visit is displayed.
concept,category,7,TC-User-008,0.7184975147247314,test case id: tc-user-008 title: view weather forecast module: weather source pages: 1 preconditions: daily plan exists. test data: test steps: 1. user calls `viewweatherforecast()` method. expected result: weather forecast details are displayed.
concept,category,8,TC-User-016,0.7145183086395264,test case id: tc-user-016 title: empty place to visit list module: placetovisit source pages: 1 preconditions: no places to visit exist. test data: test steps: 1. user calls `viewallplacestovisit()` method. expected result: an empty list is displayed.
concept,category,9,TC-User-013,0.7130320072174072,test case id: tc-user-013 title: view all trips module: trip source pages: 4 preconditions: multiple trips exist. test data: test steps: 1. user calls `viewalltrips()` method. expected result: list of all trips is displayed.
concept,category,10,TC-User-011,0.7058636546134949,test case id: tc-user-011 title: view user profile module: user source pages: 5 preconditions: user is logged in. test data: test steps: 1. user calls `viewuserprofile()` method. expected result: user profile details are displayed.
concept,category,11,TC-User-014,0.7046793699264526,test case id: tc-user-014 title: empty trip list module: trip source pages: 4 preconditions: no trips exist. test data: test steps: 1. user calls `viewalltrips()` method. expected result: an empty list is displayed.
concept,category,12,TC-Trip-006,0.7037477493286133,test case id: tc-trip-006 title: empty trip list module: trip source pages: 4 preconditions: no trips exist. test data: test steps: 1. user calls `listtrips()` method. expected result: an empty list is displayed.
concept,category,13,TC-User-007,0.7016960382461548,test case id: tc-user-007 title: view daily plan module: dailyplan source pages: 4 preconditions: daily plan exists. test data: test steps: 1. user calls `viewdailyplan()` method. expected result: daily plan details are displayed.
concept,category,14,TC-User-012,0.6718775033950806,test case id: tc-user-012 title: empty profile module: user source pages: 5 preconditions: user is logged in but no profile data exists. test data: test steps: 1. user calls `viewuserprofile()` method. expected result: an empty profile is displayed.
concept,dailyplan,1,TC-User-007,0.8150232434272766,test case id: tc-user-007 title: view daily plan module: dailyplan source pages: 4 preconditions: daily plan exists. test data: test steps: 1. user calls `viewdailyplan()` method. expected result: daily plan details are displayed.
concept,dailyplan,2,TC-User-008,0.7638533115386963,test case id: tc-user-008 title: view weather forecast module: weather source pages: 1 preconditions: daily plan exists. test data: test steps: 1. user calls `viewweatherforecast()` method. expected result: weather forecast details are displayed.
concept,dailyplan,3,TC-User-018,0.7516900300979614,test case id: tc-user-018 title: empty category list module: category source pages: 1 preconditions: no categories exist. test data: test steps: 1. user calls `viewallcategories()` method. expected result: an empty
concept,dailyplan,4,TC-User-010,0.748420000076294,test case id: tc-user-010 title: view category module: category source pages: 1 preconditions: category exists. test data: test steps: 1. user calls `viewcategory()` method. expected result: category details are displayed.
concept,dailyplan,5,TC-User-009,0.7377213835716248,test case id: tc-user-009 title: view place to visit module: placetovisit source pages: 1 preconditions: place to visit exists. test data: test steps: 1. user calls `viewplacetovisit()` method. expected result: place to visit details are displayed.
concept,dailyplan,6,TC-User-017,0.7354399561882019,test case id: tc-user-017 title: view all categories module: category source pages: 1 preconditions: multiple categories exist. test data: test steps: 1. user calls `viewallcategories()` method. expected result: list of all categories is displayed.
concept,dailyplan,7,TC-User-015,0.7346746921539307,test case id: tc-user-015 title: view all places to visit module: placetovisit source pages: 1 preconditions: multiple places to visit exist. test data: test steps: 1. user calls `viewallplacestovisit()` method. expected result: list of all places to visit is displayed.
concept,dailyplan,8,TC-Trip-005,0.7222978472709656,test case id: tc-trip-005 title: list trips module: trip source pages: 4 preconditions: multiple trips exist. test data: test steps: 1. user calls `listtrips()` method. expected result: list of all trips is displayed.
concept,dailyplan,9,TC-User-013,0.718731164932251,test case id: tc-user-013 title: view all trips module: trip source pages: 4 preconditions: multiple trips exist. test data: test steps: 1. user calls `viewalltrips()` method. expected result: list of all trips is displayed.
concept,dailyplan,10,TC-User-011,0.7157868146896362,test case id: tc-user-011 title: view user profile module: user source pages: 5 preconditions: user is logged in. test data: test steps: 1. user calls `viewuserprofile()` method. expected result: user profile details are displayed.
concept,dailyplan,11,TC-User-016,0.7134755253791809,test case id: tc-user-016 title: empty place to visit list module: placetovisit source pages: 1 preconditions: no places to visit exist. test data: test steps: 1. user calls `viewallplacestovisit()` method. expected result: an empty list is displayed.
concept,dailyplan,12,TC-User-014,0.6992027759552002,test case id: tc-user-014 title: empty trip list module: trip source pages: 4 preconditions: no trips exist. test data: test steps: 1. user calls `viewalltrips()` method. expected result: an empty list is displayed.
concept,dailyplan,13,TC-Trip-006,0.6920436024665833,test case id: tc-trip-006 title: empty trip list module: trip source pages: 4 preconditions: no trips exist. test data: test steps: 1. user calls `listtrips()` method. expected result: an empty list is displayed.
concept,dailyplan,14,TC-User-012,0.6759172081947327,test case id: tc-user-012 title: empty profile module: user source pages: 5 preconditions: user is logged in but no profile data exists. test data: test steps: 1. user calls `viewuserprofile()` method. expected result: an empty profile is displayed.
concept,weather,1,TC-User-008,0.8079079985618591,test case id: tc-user-008 title: view weather forecast module: weather source pages: 1 preconditions: daily plan exists. test data: test steps: 1. user calls `viewweatherforecast()` method. expected result: weather forecast details are displayed.
concept,weather,2,TC-User-018,0.7483764290809631,test case id: tc-user-018 title: empty category list module: category source pages: 1 preconditions: no categories exist. test data: test steps: 1. user calls `viewallcategories()` method. expected result: an empty
concept,weather,3,TC-User-010,0.7329760789871216,test case id: tc-user-010 title: view category module: category source pages: 1 preconditions: category exists. test data: test steps: 1. user calls `viewcategory()` method. expected result: category details are displayed.
concept,weather,4,TC-User-017,0.7144414186477661,test case id: tc-user-017 title: view all categories module: category source pages: 1 preconditions: multiple categories exist. test data: test steps: 1. user calls `viewallcategories()` method. expected result: list of all categories is displayed.
concept,weather,5,TC-User-009,0.7086215019226074,test case id: tc-user-009 title: view place to visit module: placetovisit source pages: 1 preconditions: place to visit exists. test data: test steps: 1. user calls `viewplacetovisit()` method. expected result: place to visit details are displayed.
concept,weather,6,TC-User-015,0.706595778465271,test case id: tc-user-015 title: view all places to visit module: placetovisit source pages: 1 preconditions: multiple places to visit exist. test data: test steps: 1. user calls `viewallplacestovisit()` method. expected result: list of all places to visit is displayed.
concept,weather,7,TC-Trip-005,0.7024105787277222,test case id: tc-trip-005 title: list trips module: trip source pages: 4 preconditions: multiple trips exist. test data: test steps: 1. user calls `listtrips()` method. expected result: list of all trips is displayed.
concept,weather,8,TC-User-016,0.7008171081542969,test case id: tc-user-016 title: empty place to visit list module: placetovisit source pages: 1 preconditions: no places to visit exist. test data: test steps: 1. user calls `viewallplacestovisit()` method. expected result: an empty list is displayed.
concept,weather,9,TC-User-007,0.6972144246101379,test case id: tc-user-007 title: view daily plan module: dailyplan source pages: 4 preconditions: daily plan exists. test data: test steps: 1. user calls `viewdailyplan()` method. expected result: daily plan details are displayed.
concept,weather,10,TC-User-013,0.6898244023323059,test case id: tc-user-013 title: view all trips module: trip source pages: 4 preconditions: multiple trips exist. test data: test steps: 1. user calls `viewalltrips()` method. expected result: list of all trips is displayed.
concept,weather,11,TC-Trip-006,0.6881170272827148,test case id: tc-trip-006 title: empty trip list module: trip source pages: 4 preconditions: no trips exist. test data: test steps: 1. user calls `listtrips()` method. expected result: an empty list is displayed.
concept,weather,12,TC-User-014,0.6854940056800842,test case id: tc-user-014 title: empty trip list module: trip source pages: 4 preconditions: no trips exist. test data: test steps: 1. user calls `viewalltrips()` method. expected result: an empty list is displayed.
concept,weather,13,TC-User-011,0.679557204246521,test case id: tc-user-011 title: view user profile module: user source pages: 5 preconditions: user is logged in. test data: test steps: 1. user calls `viewuserprofile()` method. expected result: user profile details are displayed.
concept,weather,14,TC-User-012,0.6536973118782043,test case id: tc-user-012 title: empty profile module: user source pages: 5 preconditions: user is logged in but no profile data exists. test data: test steps: 1. user calls `viewuserprofile()` method. expected result: an empty profile is displayed.
concept,main,1,TC-User-018,0.7856898307800293,test case id: tc-user-018 title: empty category list module: category source pages: 1 preconditions: no categories exist. test data: test steps: 1. user calls `viewallcategories()` method. expected result: an empty
concept,main,2,TC-User-010,0.7787272930145264,test case id: tc-user-010 title: view category module: category source pages: 1 preconditions: category exists. test data: test steps: 1. user calls `viewcategory()` method. expected result: category details are displayed.
concept,main,3,TC-User-017,0.7605814933776855,test case id: tc-user-017 title: view all categories module: category source pages: 1 preconditions: multiple categories exist. test data: test steps: 1. user calls `viewallcategories()` method. expected result: list of all categories is displayed.
concept,main,4,TC-User-009,0.750347375869751,test case id: tc-user-009 title: view place to visit module: placetovisit source pages: 1 preconditions: place to visit exists. test data: test steps: 1. user calls `viewplacetovisit()` method. expected result: place to visit details are displayed.
concept,main,5,TC-User-015,0.7464579343795776,test case id: tc-user-015 title: view all places to visit module: placetovisit source pages: 1 preconditions: multiple places to visit exist. test data: test steps: 1. user calls `viewallplacestovisit()` method. expected result: list of all places to visit is displayed.
concept,main,6,TC-Trip-005,0.7414501309394836,test case id: tc-trip-005 title: list trips module: trip source pages: 4 preconditions: multiple trips exist. test data: test steps: 1. user calls `listtrips()` method. expected result: list of all trips is displayed.
concept,main,7,TC-User-016,0.734261691570282,test case id: tc-user-016 title: empty place to visit list module: placetovisit source pages: 1 preconditions: no places to visit exist. test data: test steps: 1. user calls `viewallplacestovisit()` method. expected result: an empty list is displayed.
concept,main,8,TC-User-011,0.7336513996124268,test case id: tc-user-011 title: view user profile module: user source pages: 5 preconditions: user is logged in. test data: test steps: 1. user calls `viewuserprofile()` method. expected result: user profile details are displayed.
concept,main,9,TC-User-008,0.733558714389801,test case id: tc-user-008 title: view weather forecast module: weather source pages: 1 preconditions: daily plan exists. test data: test steps: 1. user calls `viewweatherforecast()` method. expected result: weather forecast details are displayed.
concept,main,10,TC-User-013,0.7334455251693726,test case id: tc-user-013 title: view all trips module: trip source pages: 4 preconditions: multiple trips exist. test data: test steps: 1. user calls `viewalltrips()` method. expected result: list of all trips is displayed.
concept,main,11,TC-User-007,0.7255375385284424,test case id: tc-user-007 title: view daily plan module: dailyplan source pages: 4 preconditions: daily plan exists. test data: test steps: 1. user calls `viewdailyplan()` method. expected result: daily plan details are displayed.
concept,main,12,TC-User-014,0.7215933799743652,test case id: tc-user-014 title: empty trip list module: trip source pages: 4 preconditions: no trips exist. test data: test steps: 1. user calls `viewalltrips()` method. expected result: an empty list is displayed.
concept,main,13,TC-Trip-006,0.7174275517463684,test case id: tc-trip-006 title: empty trip list module: trip source pages: 4 preconditions: no trips exist. test data: test steps: 1. user calls `listtrips()` method. expected result: an empty list is displayed.
concept,main,14,TC-User-012,0.69936603307724,test case id: tc-user-012 title: empty profile module: user source pages: 5 preconditions: user is logged in but no profile data exists. test data: test steps: 1. user calls `viewuserprofile()` method. expected result: an empty profile is displayed.
concept,users database,1,TC-User-011,0.7760637402534485,test case id: tc-user-011 title: view user profile module: user source pages: 5 preconditions: user is logged in. test data: test steps: 1. user calls `viewuserprofile()` method. expected result: user profile details are displayed.
concept,users database,2,TC-User-010,0.773520290851593,test case id: tc-user-010 title: view category module: category source pages: 1 preconditions: category exists. test data: test steps: 1. user calls `viewcategory()` method. expected result: category details are displayed.
concept,users database,3,TC-User-018,0.7705192565917969,test case id: tc-user-018 title: empty category list module: category source pages: 1 preconditions: no categories exist. test data: test steps: 1. user calls `viewallcategories()` method. expected result: an empty
concept,users database,4,TC-User-017,0.7503409385681152,test case id: tc-user-017 title: view all categories module: category source pages: 1 preconditions: multiple categories exist. test data: test steps: 1. user calls `viewallcategories()` method. expected result: list of all categories is displayed.
concept,users database,5,TC-User-009,0.7349305152893066,test case id: tc-user-009 title: view place to visit module: placetovisit source pages: 1 preconditions: place to visit exists. test data: test steps: 1. user calls `viewplacetovisit()` method. expected result: place to visit details are displayed.
concept,users database,6,TC-User-013,0.7324548363685608,test case id: tc-user-013 title: view all trips module: trip source pages: 4 preconditions: multiple trips exist. test data: test steps: 1. user calls `viewalltrips()` method. expected result: list of all trips is displayed.
concept,users database,7,TC-User-015,0.7311468720436096,test case id: tc-user-015 title: view all places to visit module: placetovisit source pages: 1 preconditions: multiple places to visit exist. test data: test steps: 1. user calls `viewallplacestovisit()` method. expected result: list of all places to visit is displayed.
concept,users database,8,TC-User-012,0.7292743921279907,test case id: tc-user-012 title: empty profile module: user source pages: 5 preconditions: user is logged in but no profile data exists. test data: test steps: 1. user calls `viewuserprofile()` method. expected result: an empty profile is displayed.
concept,users database,9,TC-User-008,0.7285491824150085,test case id: tc-user-008 title: view weather forecast module: weather source pages: 1 preconditions: daily plan exists. test data: test steps: 1. user calls `viewweatherforecast()` method. expected result: weather forecast details are displayed.
concept,users database,10,TC-User-007,0.7272169589996338,test case id: tc-user-007 title: view daily plan module: dailyplan source pages: 4 preconditions: daily plan exists. test data: test steps: 1. user calls `viewdailyplan()` method. expected result: daily plan details are displayed.
concept,users database,11,TC-Trip-005,0.7212814092636108,test case id: tc-trip-005 title: list trips module: trip source pages: 4 preconditions: multiple trips exist. test data: test steps: 1. user calls `listtrips()` method. expected result: list of all trips is displayed.
concept,users database,12,TC-User-016,0.7125173211097717,test case id: tc-user-016 title: empty place to visit list module: placetovisit source pages: 1 preconditions: no places to visit exist. test data: test steps: 1. user calls `viewallplacestovisit()` method. expected result: an empty list is displayed.
concept,users database,13,TC-User-014,0.7110579609870911,test case id: tc-user-014 title: empty trip list module: trip source pages: 4 preconditions: no trips exist. test data: test steps: 1. user calls `viewalltrips()` method. expected result: an empty list is displayed.
concept,users database,14,TC-Trip-006,0.692277193069458,test case id: tc-trip-006 title: empty trip list module: trip source pages: 4 preconditions: no trips exist. test data: test steps: 1. user calls `listtrips()` method. expected result: an empty list is displayed.
