item_type,item_text,best_testcase_id,best_similarity,best_testcase_text
flow,"user -> admin — type=association; label=""login""; explanation=""user logs in to admin system""",TC-Login-Registration-008,0.8125530481338501,"test case id: tc-login-registration-008 title: user logs in, initiates registration, and fails to complete registration due to invalid phone number format module: login-registration source pages: preconditions: test data: test steps: expected result:"
flow,"user -> product — type=association; label=""view""; explanation=""user views product details""",TC-ProductView-001,0.8437783718109131,"test case id: tc-productview-001 title: user views product details module: product source pages: 1 preconditions: user is logged in. test data: - product name: example product test steps: 1. enter the product name ""example product"" in the search bar. 2. click the ""view"" button. expected result: the user is redirected to the product details page."
flow,"user -> cart — type=association; label=""add""; explanation=""user adds product to cart""",TC-AddToCart-001,0.8464723825454712,"test case id: tc-addtocart-001 title: user adds product to cart module: cart source pages: 1 preconditions: user is logged in and product exists. test data: - product name: example product - quantity: 1 test steps: 1. enter the product name ""example product"" in the search bar. 2. click the ""add"" button. expected result: the product is added to the user's cart."
flow,"admin -> product — type=association; label=""edit""; explanation=""admin edits product details""",TC-EditProduct-001,0.8430793285369873,"test case id: tc-editproduct-001 title: admin edits product details module: product source pages: 1 preconditions: admin is logged in. test data: - product name: example product - new description: updated description test steps: 1. enter the product name ""example product"" in the search bar. 2. click the ""edit"" button. 3. update the product description to ""updated description"". 4. click the ""save"" button. expected result: the product details are updated in the system."
flow,"admin -> cart — type=association; label=""remove""; explanation=""admin removes product from cart""",TC-RemoveFromCart-001,0.8284637331962585,"test case id: tc-removefromcart-001 title: admin removes product from cart module: cart source pages: 1 preconditions: admin is logged in and product exists in the cart. test data: - product name: example product test steps: 1. enter the product name ""example product"" in the search bar. 2. click the ""remove"" button. expected result: the product is removed from the admin's cart."
flow,flow 1: user -> admin -> cart,TC-AddToCart-001,0.7791242599487305,"test case id: tc-addtocart-001 title: user adds product to cart module: cart source pages: 1 preconditions: user is logged in and product exists. test data: - product name: example product - quantity: 1 test steps: 1. enter the product name ""example product"" in the search bar. 2. click the ""add"" button. expected result: the product is added to the user's cart."
flow,user logs in,TC-Login-Registration-008,0.7998261451721191,"test case id: tc-login-registration-008 title: user logs in, initiates registration, and fails to complete registration due to invalid phone number format module: login-registration source pages: preconditions: test data: test steps: expected result:"
flow,admin logs in,TC-Login-Registration-008,0.7796051502227783,"test case id: tc-login-registration-008 title: user logs in, initiates registration, and fails to complete registration due to invalid phone number format module: login-registration source pages: preconditions: test data: test steps: expected result:"
flow,user views product,TC-ProductView-001,0.802437961101532,"test case id: tc-productview-001 title: user views product details module: product source pages: 1 preconditions: user is logged in. test data: - product name: example product test steps: 1. enter the product name ""example product"" in the search bar. 2. click the ""view"" button. expected result: the user is redirected to the product details page."
flow,user adds product to cart,TC-AddToCart-001,0.8225759863853455,"test case id: tc-addtocart-001 title: user adds product to cart module: cart source pages: 1 preconditions: user is logged in and product exists. test data: - product name: example product - quantity: 1 test steps: 1. enter the product name ""example product"" in the search bar. 2. click the ""add"" button. expected result: the product is added to the user's cart."
flow,admin edits product,TC-EditProduct-001,0.8124570846557617,"test case id: tc-editproduct-001 title: admin edits product details module: product source pages: 1 preconditions: admin is logged in. test data: - product name: example product - new description: updated description test steps: 1. enter the product name ""example product"" in the search bar. 2. click the ""edit"" button. 3. update the product description to ""updated description"". 4. click the ""save"" button. expected result: the product details are updated in the system."
flow,admin removes product from cart,TC-RemoveFromCart-001,0.8126393556594849,"test case id: tc-removefromcart-001 title: admin removes product from cart module: cart source pages: 1 preconditions: admin is logged in and product exists in the cart. test data: - product name: example product test steps: 1. enter the product name ""example product"" in the search bar. 2. click the ""remove"" button. expected result: the product is removed from the admin's cart."
flow,"this uml class diagram represents a simple e-commerce system where users (admin and user) can log in, view and edit products, and add products to a shopping cart.",TC-AddToCart-001,0.7296379208564758,"test case id: tc-addtocart-001 title: user adds product to cart module: cart source pages: 1 preconditions: user is logged in and product exists. test data: - product name: example product - quantity: 1 test steps: 1. enter the product name ""example product"" in the search bar. 2. click the ""add"" button. expected result: the product is added to the user's cart."
flow,"the user and admin can interact with the system, but only the admin can edit products.",TC-EditProduct-001,0.7896566390991211,"test case id: tc-editproduct-001 title: admin edits product details module: product source pages: 1 preconditions: admin is logged in. test data: - product name: example product - new description: updated description test steps: 1. enter the product name ""example product"" in the search bar. 2. click the ""edit"" button. 3. update the product description to ""updated description"". 4. click the ""save"" button. expected result: the product details are updated in the system."
flow,"the product and cart classes are used to represent the items and the shopping cart, respectively.",TC-AddToCart-001,0.7855525612831116,"test case id: tc-addtocart-001 title: user adds product to cart module: cart source pages: 1 preconditions: user is logged in and product exists. test data: - product name: example product - quantity: 1 test steps: 1. enter the product name ""example product"" in the search bar. 2. click the ""add"" button. expected result: the product is added to the user's cart."
flow,"the login operation is the primary way to interact with the system, and it is used by both the user and admin.",TC-Login-Registration-001,0.7833403944969177,"test case id: tc-login-registration-001 title: user logs in, initiates registration, and cancels module: login-registration-cancellation source pages: 4 preconditions: user is logged in. test data: - username: newuser - password: newpassword - confirm password: newpassword test steps: 1. click the ""register"" button. 2. click the ""cancel"" button. expected result: the user is redirected to the login page."
flow,"the view operation allows the user to see the details of a product, while the admin can edit those details.",TC-ProductView-001,0.8304319381713867,"test case id: tc-productview-001 title: user views product details module: product source pages: 1 preconditions: user is logged in. test data: - product name: example product test steps: 1. enter the product name ""example product"" in the search bar. 2. click the ""view"" button. expected result: the user is redirected to the product details page."
flow,"the add operation allows the user to add a product to their cart, and the admin can remove products from the cart.",TC-AddToCart-001,0.8290572166442871,"test case id: tc-addtocart-001 title: user adds product to cart module: cart source pages: 1 preconditions: user is logged in and product exists. test data: - product name: example product - quantity: 1 test steps: 1. enter the product name ""example product"" in the search bar. 2. click the ""add"" button. expected result: the product is added to the user's cart."
flow,guidelines by diagram type (keep it generic):,TC-Login-Registration-008,0.7570531964302063,"test case id: tc-login-registration-008 title: user logs in, initiates registration, and fails to complete registration due to invalid phone number format module: login-registration source pages: preconditions: test data: test steps: expected result:"
flow,for class diagrams:,TC-Login-Registration-008,0.7565942406654358,"test case id: tc-login-registration-008 title: user logs in, initiates registration, and fails to complete registration due to invalid phone number format module: login-registration source pages: preconditions: test data: test steps: expected result:"
flow,"* treat each class box as a component with kind=""class"".",TC-Login-Registration-008,0.7566276788711548,"test case id: tc-login-registration-008 title: user logs in, initiates registration, and fails to complete registration due to invalid phone number format module: login-registration source pages: preconditions: test data: test steps: expected result:"
flow,"* in the component bullet, list all attributes and operations exactly as written, including type and return type if visible.",TC-Login-Registration-008,0.7319937348365784,"test case id: tc-login-registration-008 title: user logs in, initiates registration, and fails to complete registration due to invalid phone number format module: login-registration source pages: preconditions: test data: test steps: expected result:"
flow,"* in relationships / links, list associations, aggregations, compositions, and inheritances between classes (use ""association"", ""inheritance"", etc.).",TC-Login-Registration-008,0.7224164605140686,"test case id: tc-login-registration-008 title: user logs in, initiates registration, and fails to complete registration due to invalid phone number format module: login-registration source pages: preconditions: test data: test steps: expected result:"
flow,* main flows can describe likely collaboration between classes based only on visible methods and relationships (no guessing new names).,TC-Login-Registration-008,0.7043777704238892,"test case id: tc-login-registration-008 title: user logs in, initiates registration, and fails to complete registration due to invalid phone number format module: login-registration source pages: preconditions: test data: test steps: expected result:"
flow,for activity diagrams:,TC-Login-Registration-008,0.7512567043304443,"test case id: tc-login-registration-008 title: user logs in, initiates registration, and fails to complete registration due to invalid phone number format module: login-registration source pages: preconditions: test data: test steps: expected result:"
flow,"* components are actions, decisions, merges, etc.",TC-Login-Registration-008,0.7573751211166382,"test case id: tc-login-registration-008 title: user logs in, initiates registration, and fails to complete registration due to invalid phone number format module: login-registration source pages: preconditions: test data: test steps: expected result:"
flow,"* in relationships / links, list control-flows between activities (use-cases (use-cases).",TC-ProductView-001,0.7485029101371765,"test case id: tc-productview-001 title: user views product details module: product source pages: 1 preconditions: user is logged in. test data: - product name: example product test steps: 1. enter the product name ""example product"" in the search bar. 2. click the ""view"" button. expected result: the user is redirected to the product details page."
flow,* main flows (step-by-step).,TC-Login-Registration-008,0.7499948740005493,"test case id: tc-login-registration-008 title: user logs in, initiates registration, and fails to complete registration due to invalid phone number format module: login-registration source pages: preconditions: test data: test steps: expected result:"
flow,for sequence diagrams:,TC-Login-Registration-008,0.7471087574958801,"test case id: tc-login-registration-008 title: user logs in, initiates registration, and fails to complete registration due to invalid phone number format module: login-registration source pages: preconditions: test data: test steps: expected result:"
flow,* none,TC-Login-Registration-008,0.7506319880485535,"test case id: tc-login-registration-008 title: user logs in, initiates registration, and fails to complete registration due to invalid phone number format module: login-registration source pages: preconditions: test data: test steps: expected result:"
flow,for statement,TC-Login-Registration-008,0.7569698095321655,"test case id: tc-login-registration-008 title: user logs in, initiates registration, and fails to complete registration due to invalid phone number format module: login-registration source pages: preconditions: test data: test steps: expected result:"
flow,"utente -> servizio — type=association; label=""""; explanation=""user interacts with service"";",TC-Login-Registration-008,0.7666353583335876,"test case id: tc-login-registration-008 title: user logs in, initiates registration, and fails to complete registration due to invalid phone number format module: login-registration source pages: preconditions: test data: test steps: expected result:"
flow,"servizio -> database — type=association; label=""""; explanation=""service interacts with database"";",TC-Login-Registration-008,0.7642797231674194,"test case id: tc-login-registration-008 title: user logs in, initiates registration, and fails to complete registration due to invalid phone number format module: login-registration source pages: preconditions: test data: test steps: expected result:"
flow,flow 1: utente -> servizio -> database,TC-Login-Registration-008,0.7642302513122559,"test case id: tc-login-registration-008 title: user logs in, initiates registration, and fails to complete registration due to invalid phone number format module: login-registration source pages: preconditions: test data: test steps: expected result:"
flow,"this diagram models a user interacting with a service, which in turn interacts with a database.",TC-Login-Registration-008,0.745171070098877,"test case id: tc-login-registration-008 title: user logs in, initiates registration, and fails to complete registration due to invalid phone number format module: login-registration source pages: preconditions: test data: test steps: expected result:"
flow,"the main flow shows the user initiating an interaction with the service, which then interacts with the database.",TC-Login-Registration-008,0.7574450969696045,"test case id: tc-login-registration-008 title: user logs in, initiates registration, and fails to complete registration due to invalid phone number format module: login-registration source pages: preconditions: test data: test steps: expected result:"
flow,"there are no decision points, loops, or repetitions visible in this diagram.",TC-ProductView-001,0.7406708002090454,"test case id: tc-productview-001 title: user views product details module: product source pages: 1 preconditions: user is logged in. test data: - product name: example product test steps: 1. enter the product name ""example product"" in the search bar. 2. click the ""view"" button. expected result: the user is redirected to the product details page."
flow,"* components are actions, decisions, merges, initial nodes, final nodes, etc.",TC-Login-Registration-008,0.7494968175888062,"test case id: tc-login-registration-008 title: user logs in, initiates registration, and fails to complete registration due to invalid phone number format module: login-registration source pages: preconditions: test data: test steps: expected result:"
flow,* relationships / links correspond to control-flow arrows.,TC-ProductView-001,0.7394793033599854,"test case id: tc-productview-001 title: user views product details module: product source pages: 1 preconditions: user is logged in. test data: - product name: example product test steps: 1. enter the product name ""example product"" in the search bar. 2. click the ""view"" button. expected result: the user is redirected to the product details page."
flow,* main flows should be explicit sequences like:,TC-Login-Registration-008,0.7683991193771362,"test case id: tc-login-registration-008 title: user logs in, initiates registration, and fails to complete registration due to invalid phone number format module: login-registration source pages: preconditions: test data: test steps: expected result:"
flow,"""avvio app"" -> ""utente registrato con successo al servizio?"" (si) -> ...",TC-Login-Registration-008,0.7626099586486816,"test case id: tc-login-registration-008 title: user logs in, initiates registration, and fails to complete registration due to invalid phone number format module: login-registration source pages: preconditions: test data: test steps: expected result:"
flow,* conditions / branches summarize each decision node and its labeled exits.,TC-Login-Registration-008,0.7502833604812622,"test case id: tc-login-registration-008 title: user logs in, initiates registration, and fails to complete registration due to invalid phone number format module: login-registration source pages: preconditions: test data: test steps: expected result:"
flow,"* actors / lifelines should list all participants (client, server, database, logger, etc.).",TC-Login-Registration-008,0.7486928701400757,"test case id: tc-login-registration-008 title: user logs in, initiates registration, and fails to complete registration due to invalid phone number format module: login-registration source pages: preconditions: test data: test steps: expected result:"
flow,"* components can repeat these lifelines plus important fragments (alt, loop, etc.).",TC-Login-Registration-008,0.7324931621551514,"test case id: tc-login-registration-008 title: user logs in, initiates registration, and fails to complete registration due to invalid phone number format module: login-registration source pages: preconditions: test data: test steps: expected result:"
flow,* relationships / links must capture each message with its order and arrow direction.,TC-Login-Registration-008,0.7230393290519714,"test case id: tc-login-registration-008 title: user logs in, initiates registration, and fails to complete registration due to invalid phone number format module: login-registration source pages: preconditions: test data: test steps: expected result:"
flow,* main flows should narrate the interaction from top to bottom.,TC-ProductView-001,0.7435796856880188,"test case id: tc-productview-001 title: user views product details module: product source pages: 1 preconditions: user is logged in. test data: - product name: example product test steps: 1. enter the product name ""example product"" in the search bar. 2. click the ""view"" button. expected result: the user is redirected to the product details page."
flow,for use-case diagrams:,TC-Login-Registration-008,0.762450098991394,"test case id: tc-login-registration-008 title: user logs in, initiates registration, and fails to complete registration due to invalid phone number format module: login-registration source pages: preconditions: test data: test steps: expected result:"
flow,* actors are external users or systems.,TC-Login-Registration-008,0.7443484663963318,"test case id: tc-login-registration-008 title: user logs in, initiates registration, and fails to complete registration due to invalid phone number format module: login-registration source pages: preconditions: test data: test steps: expected result:"
flow,* components include use cases (ellipses) and actors.,TC-Login-Registration-008,0.7557388544082642,"test case id: tc-login-registration-008 title: user logs in, initiates registration, and fails to complete registration due to invalid phone number format module: login-registration source pages: preconditions: test data: test steps: expected result:"
flow,"* relationships / links capture ""includes"", ""extends"", ""generalizes"", ""generalizes"", etc.",TC-Login-Registration-008,0.699720025062561,"test case id: tc-login-registration-008 title: user logs in, initiates registration, and fails to complete registration due to invalid phone number format module: login-registration source pages: preconditions: test data: test steps: expected result:"
flow,* main flows should describe the interaction from the user's perspective.,TC-ProductView-001,0.7690249681472778,"test case id: tc-productview-001 title: user views product details module: product source pages: 1 preconditions: user is logged in. test data: - product name: example product test steps: 1. enter the product name ""example product"" in the search bar. 2. click the ""view"" button. expected result: the user is redirected to the product details page."
flow,for state_machine diagrams:,TC-Login-Registration-008,0.745746374130249,"test case id: tc-login-registration-008 title: user logs in, initiates registration, and fails to complete registration due to invalid phone number format module: login-registration source pages: preconditions: test data: test steps: expected result:"
flow,* components are states and transitions.,TC-Login-Registration-008,0.7664957046508789,"test case id: tc-login-registration-008 title: user logs in, initiates registration, and fails to complete registration due to invalid phone number format module: login-registration source pages: preconditions: test data: test steps: expected result:"
flow,* relationships / links capture state transitions.,TC-Login-Registration-008,0.7418447732925415,"test case id: tc-login-registration-008 title: user logs in, initiates registration, and fails to complete registration due to invalid phone number format module: login-registration source pages: preconditions: test data: test steps: expected result:"
flow,* main flows describe the state machine's behavior.,TC-Login-Registration-008,0.7339200377464294,"test case id: tc-login-registration-008 title: user logs in, initiates registration, and fails to complete registration due to invalid phone number format module: login-registration source pages: preconditions: test data: test steps: expected result:"
flow,for compon,TC-Login-Registration-008,0.7633959650993347,"test case id: tc-login-registration-008 title: user logs in, initiates registration, and fails to complete registration due to invalid phone number format module: login-registration source pages: preconditions: test data: test steps: expected result:"
flow,"login -> registration: type=message; label=""login -> registration""; explanation=""user initiates registration after successful login""",TC-Login-Registration-008,0.8753299117088318,"test case id: tc-login-registration-008 title: user logs in, initiates registration, and fails to complete registration due to invalid phone number format module: login-registration source pages: preconditions: test data: test steps: expected result:"
flow,"registration -> cancellation: type=message; label=""registration -> cancellation""; explanation=""user initiates cancellation after registration""",TC-Cancellation-001,0.8491808176040649,"test case id: tc-cancellation-001 title: user cancels registration module: cancellation source pages: 4 preconditions: user has initiated registration. test data: - username: newuser - password: newpassword - confirm password: newpassword test steps: 1. click the ""cancel"" button. expected result: the user is redirected to the login page."
flow,flow 1: login -> registration -> cancellation,TC-Login-Registration-004,0.8337424993515015,"test case id: tc-login-registration-004 title: user logs in, initiates registration, and fails to complete registration due to mismatched passwords module: login-registration-cancellation source pages: 4 preconditions: user is logged in. test data: - username: newuser - password: newpassword - confirm password: differentpassword test steps: 1. click the ""register"" button. 2. click the ""submit"" button. expected result: an error message is displayed indicating the passwords do not match."
flow,"the activity diagram models the interaction between a user and a system for login, registration, and cancellation.",TC-Login-Registration-001,0.7694177627563477,"test case id: tc-login-registration-001 title: user logs in, initiates registration, and cancels module: login-registration-cancellation source pages: 4 preconditions: user is logged in. test data: - username: newuser - password: newpassword - confirm password: newpassword test steps: 1. click the ""register"" button. 2. click the ""cancel"" button. expected result: the user is redirected to the login page."
flow,"the main flow starts with a successful login, followed by registration, and then cancellation.",TC-Login-Registration-001,0.853512704372406,"test case id: tc-login-registration-001 title: user logs in, initiates registration, and cancels module: login-registration-cancellation source pages: 4 preconditions: user is logged in. test data: - username: newuser - password: newpassword - confirm password: newpassword test steps: 1. click the ""register"" button. 2. click the ""cancel"" button. expected result: the user is redirected to the login page."
flow,"the user initiates each action, and the system responds with either a successful registration or a cancellation request.",TC-Login-Registration-001,0.8126181960105896,"test case id: tc-login-registration-001 title: user logs in, initiates registration, and cancels module: login-registration-cancellation source pages: 4 preconditions: user is logged in. test data: - username: newuser - password: newpassword - confirm password: newpassword test steps: 1. click the ""register"" button. 2. click the ""cancel"" button. expected result: the user is redirected to the login page."
flow,there are no loops or repetitions in this diagram.,TC-ProductView-001,0.7379922866821289,"test case id: tc-productview-001 title: user views product details module: product source pages: 1 preconditions: user is logged in. test data: - product name: example product test steps: 1. enter the product name ""example product"" in the search bar. 2. click the ""view"" button. expected result: the user is redirected to the product details page."
flow,"* relationships / links capture ""includes"", ""extends"", associations, etc.",TC-Login-Registration-008,0.7065014243125916,"test case id: tc-login-registration-008 title: user logs in, initiates registration, and fails to complete registration due to invalid phone number format module: login-registration source pages: preconditions: test data: test steps: expected result:"
flow,* components are states and initial/final markers.,TC-Login-Registration-008,0.759934663772583,"test case id: tc-login-registration-008 title: user logs in, initiates registration, and fails to complete registration due to invalid phone number format module: login-registration source pages: preconditions: test data: test steps: expected result:"
flow,* relationships / links are transitions with event/guard labels.,TC-Login-Registration-008,0.7457289099693298,"test case id: tc-login-registration-008 title: user logs in, initiates registration, and fails to complete registration due to invalid phone number format module: login-registration source pages: preconditions: test data: test steps: expected result:"
flow,for component / deployment / object / package diagrams:,TC-Login-Registration-008,0.7702836394309998,"test case id: tc-login-registration-008 title: user logs in, initiates registration, and fails to complete registration due to invalid phone number format module: login-registration source pages: preconditions: test data: test steps: expected result:"
flow,"* components are components, nodes, objects, or packages respectively.",TC-Login-Registration-008,0.7481115460395813,"test case id: tc-login-registration-008 title: user logs in, initiates registration, and fails to complete registration due to invalid phone number format module: login-registration source pages: preconditions: test data: test steps: expected result:"
flow,"* relationships / links describe connections, dependencies, deployments, or containment.",TC-Login-Registration-008,0.7328174114227295,"test case id: tc-login-registration-008 title: user logs in, initiates registration, and fails to complete registration due to invalid phone number format module: login-registration source pages: preconditions: test data: test steps: expected result:"
flow,general rules (very important):,TC-Login-Registration-008,0.7759243845939636,"test case id: tc-login-registration-008 title: user logs in, initiates registration, and fails to complete registration due to invalid phone number format module: login-registration source pages: preconditions: test data: test steps: expected result:"
flow,use only text that is visible in the diagram. do not invent new names.,TC-ProductView-001,0.7717891335487366,"test case id: tc-productview-001 title: user views product details module: product source pages: 1 preconditions: user is logged in. test data: - product name: example product test steps: 1. enter the product name ""example product"" in the search bar. 2. click the ""view"" button. expected result: the user is redirected to the product details page."
flow,"if something is not present, write ""- none"" or use an empty [] in that bullet.",TC-Feedback-002,0.7332571148872375,"test case id: tc-feedback-002 title: user fails to submit feedback due to empty feedback module: feedback source pages: 3 preconditions: user is logged in. test data: - feedback: """" test steps: 1. click the ""submit feedback"" button. expected result: an error message is displayed indicating the feedback cannot be empty."
flow,"for components, always try to include: name, kind, attributes (if visible), operations (if visible), and a short role/meaning in plain language.",TC-Login-Registration-008,0.7641188502311707,"test case id: tc-login-registration-008 title: user logs in, initiates registration, and fails to complete registration due to invalid phone number format module: login-registration source pages: preconditions: test data: test steps: expected result:"
flow,be as detailed and explicit as possible.,TC-Login-Registration-008,0.7601415514945984,"test case id: tc-login-registration-008 title: user logs in, initiates registration, and fails to complete registration due to invalid phone number format module: login-registration source pages: preconditions: test data: test steps: expected result:"
flow,"for relationships / links, always try to capture the type, label, and explanation (if visible), and a short explanation (if visible), and a short explanation (if visible), and a short explanation (if visible), and a short role/meaning (if visible), and a short role/meaning (if visible), and a short explanation (if visible), and a short explanation (if visible), and a short explanation (if visible), and a short explanation (if visible), and a short explanation (if visible), and a short explanation (ifvisible), and a short explanation (ifvisible), and a short explanation (ifvisible), and a short explanation (ifvisible), and a short explanation (ifvisible), and a short explanation (ifvisible",TC-ProductView-001,0.6977659463882446,"test case id: tc-productview-001 title: user views product details module: product source pages: 1 preconditions: user is logged in. test data: - product name: example product test steps: 1. enter the product name ""example product"" in the search bar. 2. click the ""view"" button. expected result: the user is redirected to the product details page."
flow,======================================================================,TC-Login-Registration-008,0.7718479633331299,"test case id: tc-login-registration-008 title: user logs in, initiates registration, and fails to complete registration due to invalid phone number format module: login-registration source pages: preconditions: test data: test steps: expected result:"
